text,timestamp,cov_platform
"Researchers have proposed a new framework for understanding urban heat islands, combining satellite imagery with ground-level sensor data to improve city-scale temperature predictions.",2023-05-12,twitter
"A longitudinal study on remote work productivity found that employees working from home reported higher job satisfaction but also experienced increased difficulty separating work from personal life.",2023-06-03,reddit
"政府发布了新一轮公共交通补贴政策，鼓励市民优先选择地铁和公共汽车出行，以缓解城市交通拥堵问题，并减少碳排放。",2023-04-20,微信公众号
"The global semiconductor shortage continues to affect automobile production lines worldwide, with analysts predicting supply chain recovery to take at least another 18 months.",2022-11-08,twitter
"新型可降解塑料材料在实验室条件下已实现90天内完全分解，研究团队正在探索其大规模工业化生产的可行性，有望替代传统一次性塑料制品。",2023-07-15,知乎
"A meta-analysis of 42 clinical trials confirms that mindfulness-based interventions significantly reduce symptoms of anxiety and depression across diverse population groups.",2022-09-27,reddit
"电动汽车充电基础设施建设进展迟缓，充电桩数量与新能源汽车保有量之间的缺口持续扩大，成为制约行业发展的主要瓶颈之一。",2023-03-11,微信公众号
"Ocean microplastic concentrations have reached alarming levels in previously pristine Arctic waters, suggesting that even remote ecosystems are not immune to plastic pollution.",2022-12-19,twitter
"国内多所高校联合开展的在线教育研究显示，混合式教学模式在提升学生学习投入度方面效果显著，但对学习成果的长期影响尚需进一步追踪评估。",2023-01-30,知乎
"Supply chain transparency initiatives are gaining traction as consumers demand greater accountability from brands regarding labor practices and environmental impact throughout the production process.",2023-08-04,reddit
